"","Site","Subsite","Range","Season","Date","Common_name","Subtype","Family","Abundance_for50","Abundance_for200"
"1","JAM","JAM","50m","early/mid","Dec 2 2024","viburmum (fruiting)","Adoxaceae","Adoxaceae",3,NA
"2","JAM","JAM","50m","early/mid","Nov 27 2024","daisy","Bellis","Asteraceae",5,NA
"3","JAM","JAM","50m","early/mid","Nov 27 2024","cabbage","Brassica","Brassicaceae",1,NA
"4","JAM","JAM","50m","early/mid","Dec 2 2024","honeysuckle","Caprifoliaceae","Caprifoliaceae",2,NA
"5","JAM","JAM","50m","early/mid","Nov 27 2024","sheperd's purses","Capsella","Brassicaceae",5,NA
"6","JAM","JAM","50m","early/mid","Nov 27 2024","peppers","Capsicum","Solanaceae",1,NA
"7","JAM","JAM","50m","early/mid","Nov 27 2024",NA,"Carmichaelia","Fabaceae",3,NA
"8","JAM","JAM","50m","early/mid","Nov 27 2024","chickweed","Cerastium","Caryophyllaceae",4,NA
"9","JAM","JAM","50m","early/mid","Nov 27 2024","dandelion","Cichorieae","Asteraceae",4,NA
"10","JAM","JAM","50m","early/mid","Nov 27 2024",NA,"Corokia","Argophyllaceae",2,NA
"11","JAM","JAM","50m","early/mid","Nov 27 2024","willowherbs","Epilobium","Onograceae",1,NA
"12","JAM","JAM","50m","early/mid","Nov 27 2024","stork bill","Erodium","Geraniaceae",2,NA
"13","JAM","JAM","50m","early/mid","Nov 27 2024","spindle","Euonymus","Celastraceae",3,NA
"14","JAM","JAM","50m","early/mid","Nov 27 2024","strawberry","Fragaria","Rosaceae",2,NA
"15","JAM","JAM","50m","early/mid","Nov 27 2024","tea tree manuka","Leptospermum","Myrtaceae",2,NA
"16","JAM","JAM","50m","early/mid","Nov 27 2024","honeysuckle","Leycesteria","Caprifoliaceae",2,NA
"17","JAM","JAM","50m","early/mid","Nov 27 2024",NA,"Lysimachia","Primulaceae",2,NA
"18","JAM","JAM","50m","early/mid","Nov 27 2024",NA,"Ozothamnus","Asteraceae",2,NA
"19","JAM","JAM","50m","early/mid","Nov 27 2024","flax","Phormium","Asphodelaceae",2,NA
"20","JAM","JAM","50m","early/mid","Dec 2 2024","plaintain grass","Plantago","Plantaginaceae",5,NA
"21","JAM","JAM","50m","early/mid","Nov 27 2024","buttercup","Ranunculus","Ranunculaceae",5,NA
"22","JAM","JAM","50m","early/mid","Nov 27 2024","brambles","Rubus","Rosaceae",2,NA
"23","JAM","JAM","50m","early/mid","Nov 27 2024","trefoil","Trifolium","Fabaceae",3,NA
"24","JAM","JAM","50m","early/mid","Nov 27 2024","speedwells","Veronica","Plantaginaceae",4,NA
"25","KB","Janice's","50m","early/mid","Dec 4 2024","biddy-biddy","Acaena","Rosaceae",1,NA
"26","KB","Janice's","50m","early/mid","Dec 4 2024","shepard's purse","Capsella","Brassicaceae",3,NA
"27","KB","Janice's","50m","early/mid","Dec 4 2024","bittercresses","Cardamine","Brassicaceae",2,NA
"28","KB","Janice's","50m","early/mid","Dec 4 2024","mouse-ear chickweed","Cerastium","Caryophyllaceae",5,NA
"29","KB","Janice's","50m","early/mid","Dec 4 2024","dandelion","Cichorieae","Asteraceae",4,NA
"30","KB","Janice's","50m","early/mid","Dec 4 2024","cabbage tree","Cordyline","Asparagaceae",2,NA
"31","KB","Janice's","50m","early/mid","Dec 4 2024","hawksbeard","Crepis","Asteraceae",3,NA
"32","KB","Janice's","50m","early/mid","Dec 4 2024","kotukutuku","Fuchsia","Onagraceae",3,NA
"33","KB","Janice's","50m","early/mid","Dec 4 2024","poppies","Fumaria","Papaveraceae",1,NA
"34","KB","Janice's","50m","early/mid","Dec 4 2024","konuka","Kunzea","Myrtaceae",2,NA
"35","KB","Janice's","50m","early/mid","Dec 4 2024","mustards","Lepidium","Brassicaceae",2,NA
"36","KB","Janice's","50m","early/mid","Dec 4 2024","pale flax","Linum","Linaceae",4,NA
"37","KB","Janice's","50m","early/mid","Dec 4 2024","primroses","Lysimachia","Primulaceae",4,NA
"38","KB","Janice's","50m","early/mid","Dec 4 2024","mohoe","Melicytus","Violaceae",4,NA
"39","KB","Janice's","50m","early/mid","Dec 4 2024","pohuehue","Muehlenbeckia","Polygonaceae",4,NA
"40","KB","Janice's","50m","early/mid","Dec 4 2024","forget-me-not","Myosotis","Boraginaceae",3,NA
"41","KB","Janice's","50m","early/mid","Dec 4 2024","watercresses","Nasturtium","Tropaeolaceae",1,NA
"42","KB","Janice's","50m","early/mid","Dec 4 2024","common broomrape","Orobanche","Orobanchaceae",3,NA
"43","KB","Janice's","50m","early/mid","Dec 4 2024","plantain grass","Plantago","Plantaginaceae",5,NA
"44","KB","Janice's","50m","early/mid","Dec 4 2024","buttercup","Ranunculus","Ranunculaceae",5,NA
"45","KB","Janice's","50m","early/mid","Dec 4 2024","elderberry","Sambucus","Adoxaceae",2,NA
"46","KB","Janice's","50m","early/mid","Dec 4 2024","nightshades","Solanum","Solanaceae",3,NA
"47","KB","Janice's","50m","early/mid","Dec 4 2024","daisies","Sonchus","Asteraceae",3,NA
"48","KB","Janice's","50m","early/mid","Dec 4 2024","clover","Trifolium","Fabaceae",5,NA
"49","KB","Janice's","50m","early/mid","Dec 4 2024","gorse","Ulex","Fabaceae",2,NA
"50","KB","Janice's","50m","early/mid","Dec 4 2024","veronicas","Veronica","Plantaginaceae",1,NA
"51","KB","Janice's","50m","early/mid","Dec 4 2024","common vetch","Vicia","Fabaceae",2,NA
"52","JAM","JAM","50m","late","Jan 21 2025",NA,"Abelia","Caprifoliaceae",2,NA
"53","JAM","JAM","50m","late","Jan 21 2025","daisy","Bellis","Asteraceae",4,NA
"54","JAM","JAM","50m","late","Jan 21 2025","peppers","Capsicum","Solanaceae",1,NA
"55","JAM","JAM","50m","late","Jan 21 2025","snow in summer","Cerastium","Caryophyllaceae",1,NA
"56","JAM","JAM","50m","late","Jan 21 2025","Dandelion","Cichorieae","Asteraceae",4,NA
"57","JAM","JAM","50m","late","Jan 21 2025",NA,"Citrus","Rutaceae",1,NA
"58","JAM","JAM","50m","late","Jan 21 2025","hawksbeard","Crepis","Asteraceae",1,NA
"59","JAM","JAM","50m","late","Jan 21 2025","cucumber","Cucumis","Cucurbitaceae",1,NA
"60","JAM","JAM","50m","late","Jan 21 2025","sqaush","Cucurbita","Cucurbitaceae",1,NA
"61","JAM","JAM","50m","late","Jan 21 2025","dahlia","Dahlia","Asteraceae",1,NA
"62","JAM","JAM","50m","late","Jan 21 2025","willow herb","Epilobium","Onograceae",3,NA
"63","JAM","JAM","50m","late","Jan 21 2025","strawberry","Fragaria","Rosaceae",1,NA
"64","JAM","JAM","50m","late","Jan 21 2025","gladioli","Gladiolus","Iridaceae",1,NA
"65","JAM","JAM","50m","late","Jan 21 2025","dead-nettles","Lamium","Lamiaceae",1,NA
"66","JAM","JAM","50m","late","Jan 21 2025","honeysuckle","Leycesteria","Caprifoliaceae",3,NA
"67","JAM","JAM","50m","late","Jan 21 2025","lily","Lilium","Liliaceae",1,NA
"68","JAM","JAM","50m","late","Jan 21 2025",NA,"Lysimachia","Primulaceae",2,NA
"69","JAM","JAM","50m","late","Jan 21 2025","feijoa","Myrtle","Myrtaceae",2,NA
"70","JAM","JAM","50m","late","Jan 21 2025",NA,"Ozothamnus","Asteraceae",2,NA
"71","JAM","JAM","50m","late","Jan 21 2025","knotweeds","Persicaria","Polygonaceae",1,NA
"72","JAM","JAM","50m","late","Jan 21 2025","beans","Phaseolus","Fabaceae",1,NA
"73","JAM","JAM","50m","late","Jan 21 2025","peas","Pisum","Fabaceae",1,NA
"74","JAM","JAM","50m","late","Jan 21 2025","grass","Plantago","Plantaginaceae",5,NA
"75","JAM","JAM","50m","late","Jan 21 2025","woundwart","Prunella","Lamiaceae",3,NA
"76","JAM","JAM","50m","late","Jan 21 2025","buttercup","Ranunculus","Ranunculaceae",2,NA
"77","JAM","JAM","50m","late","Jan 21 2025","brambles","Rubus","Rosaceae",2,NA
"78","JAM","JAM","50m","late","Feb 4 2025","pearlworts","Sagina","Caryophyllaceae",2,NA
"79","JAM","JAM","50m","late","Jan 21 2025","hedgemustards","Sisybrium","Brassicaceae",1,NA
"80","JAM","JAM","50m","late","Jan 21 2025","tomatoes","Solanum","Solanaceae",1,NA
"81","JAM","JAM","50m","late","Jan 21 2025","sow thistles","Sonchus","Asteraceae",1,NA
"82","JAM","JAM","50m","late","Jan 21 2025","trefoil","Trifolium","Fabaceae",5,NA
"83","JAM","JAM","50m","late","Jan 21 2025","nasturtium","Tropaeolum","Tropaeolaceae",1,NA
"84","JAM","JAM","50m","late","Jan 21 2025","speedwell","Veronica","Plantaginaceae",2,NA
"85","JAM","JAM","50m","late","Jan 21 2025",NA,"Viburnum","Adoxaceae",1,NA
"86","KB","Janice's","50m","late","Jan 29 2025",NA,"Bellardia","Orobanchaceae",2,NA
"87","KB","Janice's","50m","late","Jan 29 2025","dandelion","Cichorieae","Asteraceae",5,NA
"88","KB","Janice's","50m","late","Jan 29 2025","thistle","Cirsium","Asteraceae",4,NA
"89","KB","Janice's","50m","late","Jan 29 2025","hawksbeard","Crepis","Asteraceae",5,NA
"90","KB","Janice's","50m","late","Jan 29 2025","flea bane","Erigeron","Asteraceae",1,NA
"91","KB","Janice's","50m","late","Jan 29 2025","monkey flower","Erythranthe","Phrymaceae",1,NA
"92","KB","Janice's","50m","late","Jan 29 2025","flax","Linum","Linaceae",2,NA
"93","KB","Janice's","50m","late","Jan 29 2025","loosestrife","Lysimachia","Primulaceae",3,NA
"94","KB","Janice's","50m","late","Jan 29 2025","forget-me-not","Myosotis","Boraginaceae",1,NA
"95","KB","Janice's","50m","late","Jan 29 2025","grass","Plantago","Plantaginaceae",5,NA
"96","KB","Janice's","50m","late","Jan 29 2025","buttercup","Ranunculus","Ranunculaceae",2,NA
"97","KB","Janice's","50m","late","Jan 29 2025","nightshade","Solanum","Solanaceae",2,NA
"98","KB","Janice's","50m","late","Jan 29 2025","sow thistles","Sonchus","Asteraceae",3,NA
"99","KB","Janice's","50m","late","Jan 29 2025","chickweed","Stellaria","Caryophyllaceae",2,NA
"100","KB","Janice's","50m","late","Jan 29 2025","clover","Trifolium","Fabaceae",4,NA
"101","KB","Janice's","50m","late","Jan 29 2025","nasturtium","Tropaeolum","Tropaeolaceae",2,NA
"102","KB","Janice's","50m","late","Jan 29 2025","vetch","Vicia","Fabaceae",1,NA
"103","JAM","JAM","50m","early/mid","Dec 2 2024","viburmum (fruiting)","Adoxaceae","Adoxaceae",NA,2
"104","JAM","67 tirohanga","200m","early/mid","Dec 5 2024","lily of the nile","Agapanthus","Amaryllidaceae",NA,1
"105","JAM","67 tirohanga","200m","early/mid","Dec 5 2024","Lady's Mantle","Alchemilla","Rosaceae",NA,2
"106","JAM","JAM yard","200m","early/mid","Nov 27 2024","onions","Allium","Amaryllidaceae",NA,1
"107","JAM","Lynn + Road","200m","early/mid","Dec 12 2024","peruvian lily","Alstroemeria","Alstroemeriaceae",NA,3
"108","JAM","Allen and Liz","200m","early/mid","Dec 12 2024","peruvian lilies","Alstromeria","Alstromeriaceae",NA,2
"109","JAM","JAM yard","200m","early/mid","Nov 27 2024","camomile","Anthemis","Asteraceae",NA,1
"110","JAM","Ruth","200m","early/mid","Dec 17 2024","columbine","Aquilegia","Ranunculaceae",NA,2
"111","JAM","93 tirohanga","200m","early/mid","Nov 28 2024","mouse ear cress","Arabidopsis","Brassicaceae",NA,2
"112","JAM","92 tirohanga","200m","early/mid","Nov 28 2024","yarrow","Archillea","Asteraceae",NA,2
"113","JAM","Lynn + Road","200m","early/mid","Dec 12 2024","thrift","Armeria","Plumbaginaceae",NA,2
"114","JAM","67 tirohanga","200m","early/mid","Dec 5 2024","flax","Astelia","Asteliaceae",NA,1
"115","JAM","Ruth","200m","early/mid","Dec 17 2024","great masterwort","Astrantia","Apiaceae",NA,1
"116","JAM","65 Tirohanga","200m","early/mid","Dec 19 2024","Trixago","Bellardia","Orobanchaceae",NA,1
"117","JAM","JAM","50m","early/mid","Nov 27 2024","daisy","Bellis","Asteraceae",NA,5
"118","JAM","Ruth","200m","early/mid","Dec 17 2024","borage","Borago","Boraginaceae",NA,2
"119","JAM","JAM","50m","early/mid","Nov 27 2024","cabbage","Brassica","Brassicaceae",NA,1
"120","JAM","Ruth","200m","early/mid","Dec 17 2024","marigold","Caledula","Asteraceae",NA,1
"121","JAM","Lynn + Road","200m","early/mid","Dec 12 2024","false bindweeds","Calystegia","Convolvulaceae",NA,1
"122","JAM","67 tirohanga","200m","early/mid","Dec 5 2024","Camellia","Camellia","Theaceae",NA,1
"123","JAM","JAM","50m","early/mid","Dec 2 2024","honeysuckle","Caprifoliaceae","Caprifoliaceae",NA,1
"124","JAM","JAM","50m","early/mid","Nov 27 2024","sheperd's purses","Capsella","Brassicaceae",NA,5
"125","JAM","JAM","50m","early/mid","Nov 27 2024","peppers","Capsicum","Solanaceae",NA,1
"126","JAM","JAM","50m","early/mid","Nov 27 2024",NA,"Carmichaelia","Fabaceae",NA,2
"127","JAM","87 tirohanga","200m","early/mid","Dec 2 2024","california lilac","Ceanothus","Rhamnaceae",NA,1
"128","JAM","JAM yard","200m","early/mid","Nov 27 2024","chickweed","Cerastium","Caryophyllaceae",NA,5
"129","JAM","Lynn + Road","200m","early/mid","Dec 12 2024","flowering quinces","Chaenomeles","Rosaceae",NA,1
"130","JAM","90 tirohanga","200m","early/mid","Nov 28 2024","mexican orange","Choisya","Rutaceae",NA,3
"131","JAM","Lynn + Road","200m","early/mid","Dec 12 2024","chrysanthemums","Chrysanthemum","Asteraceae",NA,1
"132","JAM","JAM yard","200m","early/mid","Nov 27 2024","dandelion","Cichorieae","Asteraceae",NA,4
"133","JAM","67 tirohanga","200m","early/mid","Dec 5 2024","rock rose","Cistus","Cistaceae",NA,2
"134","JAM","JAM yard","200m","early/mid","Nov 27 2024","lemons","Citrus","Rutaceae",NA,1
"135","JAM","87 tirohanga","200m","early/mid","Dec 2 2024","Cape may","Coleonema","Rutaceae",NA,1
"136","JAM","67 tirohanga","200m","early/mid","Dec 5 2024","cabbage tree","Cordyline","Asparagaceae",NA,1
"137","JAM","JAM yard","200m","early/mid","Nov 27 2024",NA,"Corokia","Argophyllaceae",NA,3
"138","JAM","Lynn + Road","200m","early/mid","Dec 12 2024","smoketrees","Cotinus","Anacardiaceae",NA,2
"139","JAM","Allen and Liz","200m","early/mid","Dec 12 2024","smooth hawksbeard","Crepis","Asteraceae",NA,2
"140","JAM","Lynn + Road","200m","early/mid","Dec 12 2024",NA,"Croceae","Iridaceae",NA,1
"141","JAM","Lynn + Road","200m","early/mid","Dec 12 2024","garden delphinium","Delphinium","Ranunculaceae",NA,1
"142","JAM","Lynn + Road","200m","early/mid","Dec 12 2024",NA,"Deutzia","Hydrangeaceae",NA,1
"143","JAM","Lynn + Road","200m","early/mid","Dec 12 2024","carnations","Dianthus","Caryophyllaceae",NA,1
"144","JAM","87 tirohanga","200m","early/mid","Dec 2 2024","foxgloves","Digitalis","Plantaginaceae",NA,2
"145","JAM","Ruth","200m","early/mid","Dec 17 2024",NA,"Echeveria","Crassulaceae",NA,2
"146","JAM","JAM yard","200m","early/mid","Nov 27 2024","willowherbs","Epilobium","Onagraceae",NA,2
"147","JAM","JAM yard","200m","early/mid","Nov 27 2024","storks bill","Erodium","Geraniaceae",NA,2
"148","JAM","87 tirohanga","200m","early/mid","Dec 2 2024","redclaws","Escallonia","Escalloniaceae",NA,2
"149","JAM","79 tirohanga","200m","early/mid","Nov 28 2024","poppy","Eschscholzia","Papaveraceae",NA,2
"150","JAM","JAM","50m","early/mid","Nov 27 2024","spindle","Euonymus","Celastraceae",NA,2
"151","JAM","Allen and Liz","200m","early/mid","Dec 12 2024","eggleaf spurfe","Euphorbia","Euphorbiaceae",NA,1
"152","JAM","JAM yard","200m","early/mid","Nov 27 2024","feijoa","Feijoa","Myrtaceae",NA,1
"153","JAM","83 tirohanga","200m","early/mid","Nov 28 2024","fennel","Foeniculum","Apiaceae",NA,1
"154","JAM","JAM","50m","early/mid","Nov 27 2024","strawberry","Fragaria","Rosaceae",NA,1
"155","JAM","Lynn + Road","200m","early/mid","Dec 12 2024","ashes","Fraxinus","Oleaceae",NA,1
"156","JAM","87 tirohanga","200m","early/mid","Dec 2 2024","fumitory","Fumaria","Papaveraceae",NA,1
"157","JAM","Lynn + Road","200m","early/mid","Dec 12 2024","catchweed bedstraw","Galium","Rubiaceae",NA,1
"158","JAM","Ruth","200m","early/mid","Dec 17 2024","geraniums","Geranium","Geraniaceae",NA,2
"159","JAM","87 tirohanga","200m","early/mid","Dec 2 2024","gromwell","Glendora","Boraginaceae",NA,1
"160","JAM","67 tirohanga","200m","early/mid","Dec 5 2024","coral bells","Heuctera","Saxifragaceae",NA,1
"161","JAM","Ruth","200m","early/mid","Dec 17 2024","hostas","Hosta","Asparagaceae",NA,1
"162","JAM","Ruth","200m","early/mid","Dec 17 2024","hydrangea","Hydrangeas","Hydrangeaceae",NA,2
"163","JAM","67 tirohanga","200m","early/mid","Dec 5 2024","stonecrop","Hylotelephium","Crassulaceae",NA,1
"164","JAM","67 tirohanga","200m","early/mid","Dec 5 2024","iris","Iris","Idrisaceae",NA,1
"165","JAM","Lynn + Road","200m","early/mid","Dec 12 2024",NA,"Kalmia","Ericaceae",NA,3
"166","JAM","Lynn + Road","200m","early/mid","Dec 12 2024","pokers","Kniphofia","Asphodelaceae",NA,1
"167","JAM","87 tirohanga","200m","early/mid","Dec 2 2024","dead nettles","Lamium","Lamiaceae",NA,1
"168","JAM","JAM yard","200m","early/mid","Nov 27 2024","lavender","Lavendula","Lamiaceae",NA,2
"169","JAM","Allen and Liz","200m","early/mid","Dec 12 2024","peppergrass","Lepedium","Brassicaceae",NA,1
"170","JAM","JAM yard","200m","early/mid","Nov 27 2024","tea tree manuka","Leptospermum","Myrtaceae",NA,2
"171","JAM","Ruth","200m","early/mid","Dec 17 2024","oxeye daisy","Leucanthemum","Asteraceae",NA,2
"172","JAM","Lynn + Road","200m","early/mid","Dec 12 2024",NA,"Lewisia","Montiaceae",NA,1
"173","JAM","JAM","50m","early/mid","Nov 27 2024","honeysuckle","Leycesteria","Caprifoliaceae",NA,1
"174","JAM","Lynn + Road","200m","early/mid","Dec 12 2024","privets","Ligustrum","Oleaceae",NA,1
"175","JAM","67 tirohanga","200m","early/mid","Dec 5 2024","lily","Lilium","Liliaceae",NA,1
"176","JAM","JAM yard","200m","early/mid","Nov 27 2024","meadowfoam","Limnanthes","Limnanthaceae",NA,1
"177","JAM","Ruth","200m","early/mid","Dec 17 2024","annual toadflax","Linaria","Plantaginaceae",NA,1
"178","JAM","Lynn + Road","200m","early/mid","Dec 12 2024","sweet alyssum","Lobularia","Brassicaceae",NA,1
"179","JAM","67 tirohanga","200m","early/mid","Dec 5 2024","pincushion","Lomelosia","Caprifoliaceae",NA,1
"180","JAM","JAM yard","200m","early/mid","Nov 27 2024",NA,"Lysimachia","Primulaceae",NA,2
"181","JAM","Lynn + Road","200m","early/mid","Dec 12 2024","common mallow","Malva","Malvaceae",NA,1
"182","JAM","65 Tirohanga","200m","early/mid","Dec 19 2024","wall lettuce","Mycelis","Asteraceae",NA,1
"183","JAM","87 tirohanga","200m","early/mid","Dec 2 2024","forget-me-nots","Myosotis","Boraginaceae",NA,2
"184","JAM","Lynn + Road","200m","early/mid","Dec 12 2024","myrtle","Myrtus","Myrtaceae",NA,1
"185","JAM","Lynn + Road","200m","early/mid","Dec 12 2024","waterlilies","Nymphaea","Nymphaeaceae",NA,1
"186","JAM","89 tirohanga","200m","early/mid","Nov 28 2024","basil","Ocimum","Lamiaceae",NA,1
"187","JAM","JAM","50m","early/mid","Nov 27 2024",NA,"Ozothamnus","Asteraceae",NA,1
"188","JAM","67 tirohanga","200m","early/mid","Dec 5 2024","boxwood","Pachyslegia","Asteraceae",NA,1
"189","JAM","87 tirohanga","200m","early/mid","Nov 28 2024","peony","Paeonia","Paeoniaceae",NA,1
"190","JAM","87 tirohanga","200m","early/mid","Dec 2 2024","poppy","Papaver","Papaveraceae",NA,1
"191","JAM","Ruth","200m","early/mid","Dec 17 2024","geraniums","Pelargonium","Geraniaceae",NA,1
"192","JAM","65 Tirohanga","200m","early/mid","Dec 19 2024","beardtongue","Penstemon","Plantaginaceae",NA,1
"193","JAM","Lynn + Road","200m","early/mid","Dec 12 2024","knotweeds","Persicaria","Polygonaceae",NA,1
"194","JAM","Ruth","200m","early/mid","Dec 17 2024","lacy phacelia","Phacelia","Boraginaceae",NA,1
"195","JAM","Ruth","200m","early/mid","Dec 17 2024","lampwicks","Phlomis","Lamiaceae",NA,2
"196","JAM","JAM yard","200m","early/mid","Nov 27 2024","flax","Phormium","Asphodelaceae",NA,2
"197","JAM","JAM","50m","early/mid","Dec 2 2024","plaintain grass","Plantago","Plantaginaceae",NA,5
"198","JAM","Lynn + Road","200m","early/mid","Dec 12 2024","primroses","Primula","Primulaceae",NA,1
"199","JAM","JAM yard","200m","early/mid","Nov 27 2024",NA,"Prunus","Rosaceae",NA,1
"200","JAM","87 tirohanga","200m","early/mid","Dec 2 2024","firethorns","Pyracantha","Rosaceae",NA,2
"201","JAM","JAM","50m","early/mid","Nov 27 2024","buttercup","Ranunculus","Ranunculaceae",NA,5
"202","JAM","67 tirohanga","200m","early/mid","Dec 5 2024","radish","Raphanus","Brassicaceae",NA,1
"203","JAM","67 tirohanga","200m","early/mid","Dec 5 2024","Rhododendron/azelea","Rhododendron","Ericaceae",NA,1
"204","JAM","Lynn + Road","200m","early/mid","Dec 12 2024","roses","Rosa","Rosaceae",NA,3
"205","JAM","JAM","50m","early/mid","Nov 27 2024","brambles","Rubus","Rosaceae",NA,1
"206","JAM","85 tirohanga","200m","early/mid","Nov 28 2024","rosemary","Salvia","Lamiaceae",NA,1
"207","JAM","77 tirohanga","200m","early/mid","Dec 2 2024","elderberry","Sambucus","Adoxaceae",NA,2
"208","JAM","Ruth","200m","early/mid","Dec 17 2024",NA,"Scilloideae","Asparagaceae",NA,1
"209","JAM","81 tirohanga","200m","early/mid","Nov 28 2024","groundsel","Senecio","Asteraceae",NA,1
"210","JAM","Lynn + Road","200m","early/mid","Dec 12 2024","field madder","Sherardia","Rubiaceae",NA,1
"211","JAM","87 tirohanga","200m","early/mid","Dec 2 2024","rose campion","Silene","Caryophyllaceae",NA,2
"212","JAM","77 tirohanga","200m","early/mid","Dec 2 2024","mustard","Sisybrium","Brassicaceae",NA,1
"213","JAM","65 Tirohanga","200m","early/mid","Dec 19 2024","hedge mustard","Sisymbrium","Brassicaceae",NA,2
"214","JAM","Ruth","200m","early/mid","Dec 17 2024","pale yellow-eyed grass","Sisyrinchium","Iridaceae",NA,2
"215","JAM","87 tirohanga","200m","early/mid","Dec 2 2024","nightshade","Solanum","Solanaceae",NA,1
"216","JAM","77 tirohanga","200m","early/mid","Dec 2 2024","sow thistles","Sonchus","Asteraceae",NA,3
"217","JAM","Allen and Liz","200m","early/mid","Dec 12 2024","spurry","Spergula","Caryophyllaceae",NA,1
"218","JAM","91 tirohanga","200m","early/mid","Nov 28 2024","spurry","Spergularia","Caryophyllaceae",NA,1
"219","JAM","Lynn + Road","200m","early/mid","Dec 12 2024","hegdenettles","Stachys","Lamiaceae",NA,1
"220","JAM","Ruth","200m","early/mid","Dec 17 2024","comfrey","Symphytum","Boraginaceae",NA,1
"221","JAM","Lynn + Road","200m","early/mid","Dec 12 2024","mexican marigold","Tagetes","Asteraceae",NA,1
"222","JAM","87 tirohanga","200m","early/mid","Dec 2 2024","germanders","Teucrium","Lamiaceae",NA,2
"223","JAM","84 tirohanga","200m","early/mid","Nov 28 2024","thyme","Thymus","Lamiaceae",NA,1
"224","JAM","Ruth","200m","early/mid","Dec 17 2024","spiderworts","Tradescantia","Commelinaceae",NA,1
"225","JAM","JAM yard","200m","early/mid","Nov 27 2024","clover","Trifolium","Fabaceae",NA,4
"226","JAM","67 tirohanga","200m","early/mid","Dec 5 2024","Clover","Trilfolium","Fabaceae",NA,5
"227","JAM","JAM yard","200m","early/mid","Nov 27 2024","nastrutium","Tropaeolum","Tropaeolaceae",NA,1
"228","JAM","67 tirohanga","200m","early/mid","Dec 5 2024","Chilean guava","Ugni","Myrtaceae",NA,1
"229","JAM","JAM yard","200m","early/mid","Nov 27 2024","speedwell","Veronica","Plantaginaceae",NA,4
"230","JAM","JAM yard","200m","early/mid","Nov 27 2024","vetch","Vicia","Leguminosae",NA,1
"231","JAM","JAM yard","200m","early/mid","Nov 27 2024","pansy","Viola","Violaceae",NA,1
"232","JAM","65 Tirohanga","200m","early/mid","Dec 19 2024",NA,"Weigela","Caprifoliaceae",NA,1
"233","JAM","Lynn + Road","200m","early/mid","Dec 12 2024","calla lily","Zantedeschia","Araceae",NA,1
"234","JAM","87 tirohanga","200m","early/mid","Dec 2 2024","White dead flower bush*",NA,"Asteroideae",NA,1
"235","KB","Janice's","50m","early/mid","Dec 4 2024","biddy-biddy","Acaena","Rosaceae",NA,1
"236","KB","Janice's list","200m","early/mid",NA,"wineberry","Aristotelia","Elaeocarpaceae",NA,0
"237","KB","Janice's list","200m","early/mid",NA,"bush lily","Astelia","Asteliaceae",NA,0
"238","KB","Western property (janices)","200m","early/mid","Dec 11 2024",NA,"Brassica","Brassicaceae (Brassicodeae)",NA,1
"239","KB","Janice's list","200m","early/mid",NA,"bindweed","Calystegia","Convolvulaceae",NA,0
"240","KB","Janice's","50m","early/mid","Dec 4 2024","shepard's purse","Capsella","Brassicaceae",NA,2
"241","KB","Janice's","50m","early/mid","Dec 4 2024","bittercresses","Cardamine","Brassicaceae",NA,1
"242","KB","Janice's list","200m","early/mid",NA,"marbleleaf","Carpodetus","Rousseaceae",NA,0
"243","KB","North neighbour","200m","early/mid","Dec 18 2024","centauries","Centaurium","Gentianaceae",NA,1
"244","KB","Janice's","50m","early/mid","Dec 4 2024","mouse-ear chickweed","Cerastium","Caryophyllaceae",NA,5
"245","KB","Janice's list","200m","early/mid",NA,"nettle-leaved goosefoot","Chenopodiastrum","Chenopodiaceae",NA,0
"246","KB","Western property (janices)","200m","early/mid","Dec 11 2024","Dandelion","Cichorieae","Asteraceae",NA,4
"247","KB","Janice's list","200m","early/mid",NA,"hemlock","Conium","Apiaceae",NA,0
"248","KB","Janice's","200m","early/mid","Feb 6 2025",NA,"Coprosma","Rubiaceae",NA,0
"249","KB","North neighbour","200m","early/mid","Dec 18 2024","cabbage trees","Cordyline","Asparagaceae",NA,3
"250","KB","Janice's","200m","early/mid","Feb 6 2025",NA,"Crataegus","Rosaceae",NA,0
"251","KB","Janice's","50m","early/mid","Dec 4 2024","hawksbeard","Crepis","Asteraceae",NA,2
"252","KB","Janice's list","200m","early/mid",NA,"common foxglove","Digitalis","Plantaginaceae",NA,0
"253","KB","Janice's list","200m","early/mid",NA,NA,"Disphyma","Aizoaceae",NA,0
"254","KB","Janice's","50m","early/mid","Dec 4 2024","kotukutuku","Fuchsia","Onagraceae",NA,2
"255","KB","Janice's","50m","early/mid","Dec 4 2024","poppies","Fumaria","Papaveraceae",NA,1
"256","KB","Janice's list","200m","early/mid",NA,"cleavers","Galium","Rubiaceae",NA,0
"257","KB","Janice's list","200m","early/mid",NA,"NZ broadleaf","Griselinia","Griseliniaceae",NA,0
"258","KB","Janice's list","200m","early/mid",NA,"tussock hawkweed","Hieracium","Asteraceae",NA,0
"259","KB","Janice's","200m","early/mid","Feb 6 2025",NA,"Ileostylus","Loranthaceae",NA,0
"260","KB","Western property (janices)","200m","early/mid","Dec 4 2024","Kanuka (about to bloom)","Kunzea","Myrtaceae",NA,2
"261","KB","North neighbour","200m","early/mid","Dec 18 2024",NA,"Lagenphora","Asteraceae",NA,2
"262","KB","Janice's","50m","early/mid","Dec 4 2024","mustards","Lepidium","Brassicaceae",NA,1
"263","KB","Janice's","50m","early/mid","Dec 4 2024","pale flax","Linum","Linaceae",NA,3
"264","KB","Western property (janices)","200m","early/mid","Dec 11 2024","Lupin","Lupine","Fabaceae",NA,1
"265","KB","Janice's","50m","early/mid","Dec 4 2024","primroses","Lysimachia","Primulaceae",NA,3
"266","KB","Western property (janices)","200m","early/mid","Dec 11 2024","horehound","Marrubium","Lamiaceae",NA,2
"267","KB","Janice's list","200m","early/mid",NA,"poataniwha","Melicope","Rutaceae",NA,0
"268","KB","Janice's","50m","early/mid","Dec 4 2024","mohoe","Melicytus","Violaceae",NA,3
"269","KB","Janice's","50m","early/mid","Dec 4 2024","pohuehue","Muehlenbeckia","Polygonaceae",NA,3
"270","KB","Janice's","50m","early/mid","Dec 4 2024","forget-me-not","Myosotis","Boraginaceae",NA,2
"271","KB","Janice's","200m","early/mid","Feb 6 2025",NA,"Myrsine","Primulaceae",NA,0
"272","KB","Janice's","50m","early/mid","Dec 4 2024","watercresses","Nasturtium","Tropaeolaceae",NA,1
"273","KB","Janice's list","200m","early/mid",NA,"fleshy nemesia","Nemesia","Scrophulariaceae",NA,0
"274","KB","Janice's","50m","early/mid","Dec 4 2024","common broomrape","Orobanche","Orobanchaceae",NA,2
"275","KB","Janice's list","200m","early/mid",NA,"NZ jasmine","Parsonsia","Apocynaceae",NA,0
"276","KB","Janice's list","200m","early/mid",NA,"kaikomako","Pennantia","Icacinaceae",NA,0
"277","KB","Janice's list","200m","early/mid",NA,"NZ purple flax","Phormium","Asphodeliaceae",NA,0
"278","KB","Janice's list","200m","early/mid",NA,NA,"Pittosporum","Pittosporaceae",NA,0
"279","KB","Janice's","50m","early/mid","Dec 4 2024","plantain grass","Plantago","Plantaginaceae",NA,5
"280","KB","Janice's","50m","early/mid","Dec 4 2024","buttercup","Ranunculus","Ranunculaceae",NA,5
"281","KB","Janice's list","200m","early/mid",NA,"supplejack","Ripogonum","Smilacaceae",NA,0
"282","KB","Janice's","50m","early/mid","Dec 4 2024","elderberry","Sambucus","Adoxaceae",NA,1
"283","KB","Western property (janices)","200m","early/mid","Dec 11 2024","Blue Field Madder","Sherardia","Rubiaceae",NA,1
"284","KB","Janice's","50m","early/mid","Dec 4 2024","nightshades","Solanum","Solanaceae",NA,2
"285","KB","Janice's","50m","early/mid","Dec 4 2024","daisies","Sonchus","Asteraceae",NA,2
"286","KB","Janice's list","200m","early/mid",NA,"chickweed","Stellaria","Caryophyllaceae",NA,0
"287","KB","Janice's list","200m","early/mid",NA,"small-leaved milk tree","Streblus","Moraceae",NA,0
"288","KB","Janice's list","200m","early/mid",NA,"bower spinach","Tetragonia","Aizoaceae",NA,0
"289","KB","Janice's","50m","early/mid","Dec 4 2024","clover","Trifolium","Fabaceae",NA,5
"290","KB","Western property (janices)","200m","early/mid","Dec 11 2024","Nasturtium","Tropaeolum","Tropaeolaceae",NA,3
"291","KB","Western property (janices)","200m","early/mid","Dec 11 2024","gorse","Ulex","Fabaceae",NA,4
"292","KB","Janice's","50m","early/mid","Dec 4 2024","veronicas","Veronica","Plantaginaceae",NA,1
"293","KB","North neighbour","200m","early/mid","Dec 18 2024","vetch","Vicia","Fabaceae",NA,2
"294","KB","Janice's list","200m","early/mid",NA,"white mountain viola","Viola","Violaceae",NA,0
"295","KB","Western property (janices)","200m","early/mid","Dec 11 2024","(fruiting bush)",NA,NA,NA,3
"296","JAM","JAM","50m","late","Jan 21 2025",NA,"Abelia","Caprifoliaceae",NA,1
"297","JAM","67 Tirohanga","200m","late","Jan 24 2026","lily of the nile","Agapanthus","Amaryllidaceae",NA,2
"298","JAM","67 Tirohanga","200m","late","Jan 24 2026","landy's mantles","Alchemilla","Rosaceae",NA,2
"299","JAM","79 Tirohanga","200m","late","Jan 24 2026","onion","Allium","Amaryllidaceae",NA,1
"300","JAM","85 Tirohanga","200m","late","Jan 24 2026","peruvian lily","Alstroemeria","Alstroemeriaceae",NA,2
"301","JAM","JAM","200m","late","Jan 21 2025","snap dragons","Antirrhinum","Plantaginaceae",NA,1
"302","JAM","79 Tirohanga","200m","late","Jan 24 2026","yarrow","Archillea","Asteraceae",NA,2
"303","JAM","85 Tirohanga","200m","late","Jan 24 2026","thrift","Armeria","Plumbaginaceae",NA,1
"304","JAM","85 Tirohanga","200m","late","Jan 24 2026","false goat's beards","Astillbe","Saxifragaceae",NA,1
"305","JAM","87 Tirohanga","200m","late","Jan 24 2026","yellow glandweed","Bellardia","Orobanchaceae",NA,2
"306","JAM","JAM","50m","late","Jan 21 2025","daisy","Bellis","Asteraceae",NA,3
"307","JAM","67 Tirohanga","200m","late","Jan 27 2025",NA,"Bergenia","Saxifragaceae",NA,1
"308","JAM","JAM","200m","late","Jan 21 2025","bushman's friend","Brachyglottis","Asteraceae",NA,1
"309","JAM","85 Tirohanga","200m","late","Jan 24 2026","butterfly bush","Buddleja","Scrophulariaceae",NA,2
"310","JAM","85 Tirohanga","200m","late","Jan 24 2026","false bindweeds","Calystegia","Convolvulaceae",NA,1
"311","JAM","55 Tirohanga","200m","late","Jan 27 2025","sherpards purse","Capsella","Brassicaceae",NA,2
"312","JAM","JAM","50m","late","Jan 21 2025","peppers","Capsicum","Solanaceae",NA,1
"313","JAM","85 Tirohanga","200m","late","Jan 24 2026","hairy bittercress","Cardamine","Brassicaceae",NA,2
"314","JAM","79 Tirohanga","200m","late","Jan 24 2026","chickweed","Cerastium","Caryophyllaceae",NA,3
"315","JAM","85 Tirohanga","200m","late","Jan 24 2026","flowering quinces","Chaenomeles","Rosaceae",NA,1
"316","JAM","JAM","200m","late","Jan 21 2025",NA,"Chamomile","Asteraceae",NA,1
"317","JAM","65 Tirohanga","200m","late","Jan 27 2025","mexican orange","Choisya","Rutaceae",NA,2
"318","JAM","85 Tirohanga","200m","late","Jan 24 2026","chrysanthemums","Chrysanthemum","Asteraceae",NA,1
"319","JAM","65 Tirohanga","200m","late","Jan 27 2025","dandelion","Cichorieae","Asteraceae",NA,5
"320","JAM","JAM","50m","late","Jan 21 2025",NA,"Citrus","Rutaceae",NA,1
"321","JAM","85 Tirohanga","200m","late","Jan 24 2026","poison hemlock","Conium","Apiaceae",NA,2
"322","JAM","85 Tirohanga","200m","late","Jan 24 2026","cosmos","Cosmos","Asteraceae",NA,1
"323","JAM","79 Tirohanga","200m","late","Jan 24 2026","smooth hawksbeard","Crepis","Asteraceae",NA,4
"324","JAM","JAM","50m","late","Jan 21 2025","cucumber","Cucumis","Cucurbitaceae",NA,1
"325","JAM","JAM","50m","late","Jan 21 2025","sqaush","Cucurbita","Cucurbitaceae",NA,1
"326","JAM","JAM","50m","late","Jan 21 2025","dahlia","Dahlia","Asteraceae",NA,1
"327","JAM","85 Tirohanga","200m","late","Jan 24 2026","carnations","Dianthus","Caryophyllaceae",NA,1
"328","JAM","87 Tirohanga","200m","late","Jan 24 2026","foxgloves","Digitalis","Plantaginaceae",NA,1
"329","JAM","61 Tirohanga","200m","late","Jan 27 2025","God's throne","Echeveria","Crassulaceae",NA,1
"330","JAM","63 Tirohanga","200m","late","Jan 27 2025","willowherbs","Epilobium","Onagraceae",NA,3
"331","JAM","61 Tirohanga","200m","late","Jan 27 2025","japanese anenome","Eriocapitella","Asteraceae",NA,2
"332","JAM","77 Tirohanga","200m","late","Jan 24 2026","storks bill","Erodium","Geraniaceae",NA,3
"333","JAM","85 Tirohanga","200m","late","Jan 24 2026","redclaws","Escallonia","Escalloniaceae",NA,1
"334","JAM","79 Tirohanga","200m","late","Jan 24 2026","poppies","Eschscholzia","Papaveraceae",NA,2
"335","JAM","61 Tirohanga","200m","late","Jan 27 2025","spurges","Euphorbia","Euphorbioceae",NA,1
"336","JAM","79 Tirohanga","200m","late","Jan 24 2026","feijoa","Feijoa","Myrtaceae",NA,2
"337","JAM","61 Tirohanga","200m","late","Jan 27 2025","fenell","Foeniculum","Apiaceae",NA,2
"338","JAM","JAM","50m","late","Jan 21 2025","strawberry","Fragaria","Rosaceae",NA,1
"339","JAM","85 Tirohanga","200m","late","Jan 24 2026","ashes","Fraxinus","Oleaceae",NA,1
"340","JAM","85 Tirohanga","200m","late","Jan 24 2026","fuchsia","Fuchsia","Onagraceae",NA,1
"341","JAM","55 Tirohanga","200m","late","Jan 27 2025","fumitory","Fumaria","Papaveraceae",NA,2
"342","JAM","55 Tirohanga","200m","late","Jan 27 2025","gallant soldier","Galinsoga","Asteraceae",NA,2
"343","JAM","61 Tirohanga","200m","late","Jan 27 2025","crane's bill","Geranium","Geraniaceae",NA,3
"344","JAM","JAM","50m","late","Jan 21 2025","gladioli","Gladiolus","Iridaceae",NA,1
"345","JAM","87 Tirohanga","200m","late","Jan 24 2026","gromwell","Glendora","Boraginaceae",NA,1
"346","JAM","69 Tirohanga","200m","late","Jan 27 2025","hosta","Hosta","Asparagaceae",NA,1
"347","JAM","68 Tirohanga","200m","late","Jan 27 2025",NA,"Hydrangeas","Hydrangeaceae",NA,2
"348","JAM","77 Tirohanga","200m","late","Jan 24 2026","iris","Iris","Idrisaceae",NA,2
"349","JAM","89 Tirohanga","200m","late","Jan 24 2026","pokers","Kniphofia","Asphodelaceae",NA,1
"350","JAM","55 Tirohanga","200m","late","Jan 27 2025","dead nettle","Lamium","Lamiaceae",NA,2
"351","JAM","85 Tirohanga","200m","late","Jan 24 2026","spectucular brightfig","Lampranthus","Aizoaceae",NA,1
"352","JAM","61 Tirohanga","200m","late","Jan 27 2025","nipplewort","Lapsana","Asteraceae",NA,2
"353","JAM","JAM","200m","late","Jan 21 2025","Lavendar","Lavandula","Lamiaceae",NA,2
"354","JAM","67 Tirohanga","200m","late","Jan 24 2026","lavender","Lavendula","Lamiaceae",NA,3
"355","JAM","87 Tirohanga","200m","late","Jan 24 2026","oxeye daisy","Leucanthemum","Asteraceae",NA,3
"356","JAM","85 Tirohanga","200m","late","Jan 24 2026",NA,"Lewisia","Montiaceae",NA,1
"357","JAM","JAM","50m","late","Jan 21 2025","honeysuckle","Leycesteria","Caprifoliaceae",NA,2
"358","JAM","JAM","50m","late","Jan 21 2025","lily","Lilium","Liliaceae",NA,1
"359","JAM","62 Tirohanga","200m","late","Jan 27 2025","toadflax","Linaria","Plantaginaceae",NA,2
"360","JAM","JAM","200m","late","Jan 21 2025",NA,"Lobelia","Campanulaceae",NA,1
"361","JAM","85 Tirohanga","200m","late","Jan 24 2026","sweet alyssum","Lobularia","Brassicaceae",NA,1
"362","JAM","67 Tirohanga","200m","late","Jan 24 2026","pincushion","Lomelosia","Caprifoliaceae",NA,1
"363","JAM","67 Tirohanga","200m","late","Jan 24 2026",NA,"Lophomyrtus","Myrtaceae",NA,2
"364","JAM","87 Tirohanga","200m","late","Jan 24 2026","greater bird's-foot-trefoil","Lotus","Fabaceae",NA,1
"365","JAM","65 Tirohanga","200m","late","Jan 27 2025",NA,"Lunaria","Brassicaceae",NA,1
"366","JAM","85 Tirohanga","200m","late","Jan 24 2026","lupine","Lupine","Fabaceae",NA,1
"367","JAM","55 Tirohanga","200m","late","Jan 27 2025","loosestrife","Lysimachia","Primulaceae",NA,2
"368","JAM","67 Tirohanga","200m","late","Jan 24 2026","magnolia","Magnolia","Magnoliaceae",NA,1
"369","JAM","85 Tirohanga","200m","late","Jan 24 2026","stock","Matthiola","Brassicaceae",NA,1
"370","JAM","JAM","200m","late","Jan 21 2025","mint","Mentha","Lamiaceae",NA,1
"371","JAM","64 Tirohanga","200m","late","Jan 27 2025","wall lettuce","Mycelis","Asteraceae",NA,2
"372","JAM","85 Tirohanga","200m","late","Jan 24 2026","forget-me-nots","Myosotis","Boraginaceae",NA,2
"373","JAM","JAM","50m","late","Jan 21 2025","feijoa","Myrtle","Myrtaceae",NA,1
"374","JAM","85 Tirohanga","200m","late","Jan 24 2026","lily pads","Nymphaea","Nymphaeaceae",NA,1
"375","JAM","79 Tirohanga","200m","late","Jan 24 2026","basil","Ocimum","Lamiaceae",NA,1
"376","JAM","JAM","50m","late","Jan 21 2025",NA,"Ozothamnus","Asteraceae",NA,1
"377","JAM","67 Tirohanga","200m","late","Jan 24 2026","boxwood","Pachyslegia","Asteraceae",NA,1
"378","JAM","JAM","200m","late","Jan 21 2025","poppy","Papaver","Papaveraceae",NA,1
"379","JAM","65 Tirohanga","200m","late","Jan 27 2025","beard tongue","Penstemon","Plantaginaceae",NA,1
"380","JAM","85 Tirohanga","200m","late","Jan 24 2026","knotweeds","Persicaria","Polygonaceae",NA,2
"381","JAM","JAM","50m","late","Jan 21 2025","beans","Phaseolus","Fabaceae",NA,1
"382","JAM","JAM","50m","late","Jan 21 2025","peas","Pisum","Fabaceae",NA,1
"383","JAM","JAM","50m","late","Jan 21 2025","grass","Plantago","Plantaginaceae",NA,5
"384","JAM","55 Tirohanga","200m","late","Jan 27 2025","knotweed","Polygonum","Polygonaceae",NA,1
"385","JAM","85 Tirohanga","200m","late","Jan 24 2026","primroses","Primula","Primulaceae",NA,1
"386","JAM","JAM","50m","late","Jan 21 2025","woundwart","Prunella","Lamiaceae",NA,2
"387","JAM","79 Tirohanga","200m","late","Jan 24 2026","buttercup","Ranunculus","Ranunculaceae",NA,4
"388","JAM","85 Tirohanga","200m","late","Jan 24 2026","Rhododendron/azelea","Rhododendron","Ericaceae",NA,1
"389","JAM","87 Tirohanga","200m","late","Jan 24 2026","roses","Rosa","Rosaceae",NA,3
"390","JAM","JAM","50m","late","Jan 21 2025","brambles","Rubus","Rosaceae",NA,1
"391","JAM","JAM","50m","late","Feb 4 2025","pearlworts","Sagina","Caryophyllaceae",NA,1
"392","JAM","79 Tirohanga","200m","late","Jan 24 2026","rosemary","Salvia","Lamiaceae",NA,1
"393","JAM","79 Tirohanga","200m","late","Jan 24 2026","grondsel","Senecio","Asteraceae",NA,2
"394","JAM","87 Tirohanga","200m","late","Jan 24 2026","rose campion","Silene","Caryophyllaceae",NA,2
"395","JAM","65 Tirohanga","200m","late","Jan 27 2025","hedge mustards","Sisybrium","Brassicaceae",NA,2
"396","JAM","61 Tirohanga","200m","late","Jan 27 2025","Blue-eyed grasses","Sisyrinchium","Iridaceae",NA,1
"397","JAM","61 Tirohanga","200m","late","Jan 27 2025","nightshade","Solanum","Solanaceae",NA,3
"398","JAM","85 Tirohanga","200m","late","Jan 24 2026","thistle","Sonchus","Asteraceae",NA,4
"399","JAM","55 Tirohanga","200m","late","Jan 27 2025",NA,"Spergula","Caryophyllaceae",NA,2
"400","JAM","66 Tirohanga","200m","late","Jan 27 2025","hedgenettle","Stachys","Lamiaceae",NA,2
"401","JAM","61 Tirohanga","200m","late","Jan 27 2025","comfrey","Symphytum","Boraginaceae",NA,1
"402","JAM","85 Tirohanga","200m","late","Jan 24 2026","mexican marigold","Tagetes","Asteraceae",NA,2
"403","JAM","87 Tirohanga","200m","late","Jan 24 2026","germanders","Teucrium","Lamiaceae",NA,1
"404","JAM","79 Tirohanga","200m","late","Jan 24 2026","thyme","Thymus","Lamiaceae",NA,2
"405","JAM","79 Tirohanga","200m","late","Jan 24 2026",NA,"Trachelospermum","Apocynaceae",NA,1
"406","JAM","61 Tirohanga","200m","late","Jan 27 2025","spiderwort","Tradescantia","Commelinaceae",NA,1
"407","JAM","JAM","50m","late","Jan 21 2025","trefoil","Trifolium","Fabaceae",NA,5
"408","JAM","JAM","50m","late","Jan 21 2025","nasturtium","Tropaeolum","Tropaeolaceae",NA,1
"409","JAM","JAM","200m","late","Jan 21 2025","Chilean guava","Ugni","Myrtaceae",NA,1
"410","JAM","65 Tirohanga","200m","late","Jan 27 2025","speedwell","Veronica","Plantaginaceae",NA,3
"411","JAM","79 Tirohanga","200m","late","Jan 24 2026","viburnum","Viburnum","Adoxaceae",NA,2
"412","JAM","79 Tirohanga","200m","late","Jan 24 2026","vetch","Vicia","Fabaceae",NA,2
"413","JAM","79 Tirohanga","200m","late","Jan 24 2026","pansy","Viola","Violaceae",NA,2
"414","JAM","65 Tirohanga","200m","late","Jan 27 2025",NA,"Weigela","Caprifoliaceae",NA,1
"415","JAM","85 Tirohanga","200m","late","Jan 24 2026","calla lily","Zantedeschia","Araceae",NA,1
"416","KB","Janice's","200m","late","Feb 6 2025","burdock","Arctium","Asteraceae",NA,1
"417","KB","Janice's","50m","late","Jan 29 2025",NA,"Bellardia","Orobanchaceae",NA,1
"418","KB","eastern property","200m","late","Feb 6 2025","daisy","Bellis","Asteraceae",NA,1
"419","KB","eastern property","200m","late","Feb 6 2025",NA,"Brassicodeae","Brassicaceae",NA,1
"420","KB","eastern property","200m","late","Feb 6 2025",NA,"Centaurium","Gentianaceae",NA,1
"421","KB","eastern property","200m","late","Feb 6 2025","chickweed","Cerastium","Caryophyllaceae",NA,4
"422","KB","Janice's","50m","late","Jan 29 2025","dandelion","Cichorieae","Asteraceae",NA,5
"423","KB","Janice's","50m","late","Jan 29 2025","thistle","Cirsium","Asteraceae",NA,3
"424","KB","eastern property","200m","late","Feb 6 2025",NA,"Conium","Apiaceae",NA,1
"425","KB","Janice's","50m","late","Jan 29 2025","hawksbeard","Crepis","Asteraceae",NA,5
"426","KB","eastern property","200m","late","Feb 6 2025",NA,"Digitalis","Plantaginaceae",NA,1
"427","KB","Janice's","50m","late","Jan 29 2025","flea bane","Erigeron","Asteraceae",NA,1
"428","KB","Janice's","50m","late","Jan 29 2025","monkey flower","Erythranthe","Phrymaceae",NA,1
"429","KB","eastern property","200m","late","Feb 6 2025",NA,"Galium","Rubiaceae",NA,2
"430","KB","Janice's","200m","late","Feb 6 2025",NA,"Kunzea","Myrtaceae",NA,4
"431","KB","Janice's","200m","late","Feb 6 2025",NA,"Lagenophora","Asteraceae",NA,1
"432","KB","Janice's","50m","late","Jan 29 2025","flax","Linum","Linaceae",NA,1
"433","KB","eastern property","200m","late","Feb 6 2025",NA,"Lotus","Fabaceae",NA,2
"434","KB","Janice's","200m","late","Jan 29 2025","lupin","Lupinus","Fabaceae",NA,1
"435","KB","Janice's","50m","late","Jan 29 2025","loosestrife","Lysimachia","Primulaceae",NA,2
"436","KB","Janice's","50m","late","Jan 29 2025","forget-me-not","Myosotis","Boraginaceae",NA,1
"437","KB","Janice's","50m","late","Jan 29 2025","grass","Plantago","Plantaginaceae",NA,5
"438","KB","Janice's","200m","late","Jan 29 2025","Heal-all","Prunella","Lamiaceae",NA,1
"439","KB","Janice's","50m","late","Jan 29 2025","buttercup","Ranunculus","Ranunculaceae",NA,1
"440","KB","eastern property","200m","late","Feb 6 2025",NA,"Senecio","Asteraceae",NA,1
"441","KB","Janice's","50m","late","Jan 29 2025","nightshade","Solanum","Solanaceae",NA,1
"442","KB","Janice's","50m","late","Jan 29 2025","sow thistles","Sonchus","Asteraceae",NA,2
"443","KB","Janice's","50m","late","Jan 29 2025","chickweed","Stellaria","Caryophyllaceae",NA,1
"444","KB","eastern property","200m","late","Feb 6 2025","clover","Trifolium","Fabaceae",NA,5
"445","KB","Janice's","50m","late","Jan 29 2025","nasturtium","Tropaeolum","Tropaeolaceae",NA,1
"446","KB","eastern property","200m","late","Feb 6 2025","gorse","Ulex","Fabaceae",NA,1
"447","KB","eastern property","200m","late","Feb 6 2025","vetch","Vicia","Fabaceae",NA,2
